{
  "model_name": "custom_cnn",
  "version": "v1",
  "epochs_trained": 3,
  "best_epoch": 3,
  "best_val_loss": 0.3705218327045441,
  "train_loss": [
    0.5714883692492687,
    0.34971914621648975,
    0.2553243396467086
  ],
  "val_loss": [
    0.42054488182067873,
    0.3902562868595123,
    0.3705218327045441
  ],
  "train_acc": [
    0.7429643527204502,
    0.8392745465916197,
    0.8918073796122576
  ],
  "val_acc": [
    0.825,
    0.8625,
    0.855
  ],
  "roc_auc": 0.9282706766917294,
  "pr_auc": 0.924941121167393,
  "per_class_accuracy": {
    "Cat": 0.8809523582458496,
    "Dog": 0.8263157606124878
  },
  "inference_ms_per_image": 50.76627254486084
}