{
  "model_name": "efficientnet_b0_finetuned",
  "version": "v1",
  "epochs_trained": 3,
  "best_epoch": 3,
  "best_val_loss": 0.16736272394657134,
  "train_loss": [
    0.43188749327370346,
    0.254465116885694,
    0.2138358362489674
  ],
  "val_loss": [
    0.24335574090480805,
    0.18237033784389495,
    0.16736272394657134
  ],
  "train_acc": [
    0.8123827392120075,
    0.9080675422138836,
    0.9237023139462164
  ],
  "val_acc": [
    0.9375,
    0.95,
    0.95
  ],
  "roc_auc": 0.9907240724072408,
  "pr_auc": 0.99080796409752,
  "per_class_accuracy": {
    "Cat": 0.9306930899620056,
    "Dog": 0.9696969985961914
  },
  "inference_ms_per_image": 83.38985919952393
}