{
  "model_name": "resnet18_finetuned",
  "version": "v1",
  "epochs_trained": 3,
  "best_epoch": 3,
  "best_val_loss": 0.14407657325267792,
  "train_loss": [
    0.3522896173971008,
    0.1720273227543291,
    0.14280383867107382
  ],
  "val_loss": [
    0.1869512164592743,
    0.16957949221134186,
    0.14407657325267792
  ],
  "train_acc": [
    0.8317698561601,
    0.9374609130706691,
    0.9455909943714822
  ],
  "val_acc": [
    0.92,
    0.925,
    0.94
  ],
  "roc_auc": 0.9912030075187971,
  "pr_auc": 0.9899963346780507,
  "per_class_accuracy": {
    "Cat": 0.9809523820877075,
    "Dog": 0.8947368264198303
  },
  "inference_ms_per_image": 56.82671070098877
}